VISEU,18
Armamar,1
Aldeias,01
Cimbres,04
Folgosa,06
Fontelo,07
Queimada,09
Queimadela,10
Santa Cruz,11
S. Cosmado,14
S. Martinho Das Chas,15
Vacalar,18
Armamar,20
Aricera e Goujoim,21
Sao Romao e Santiago,22
Vila Seca e Santo Adriao,23
Carregal do Sal,2
Beijos,01
Cabanas de Viriato,02
Oliveira do Conde,04
Parada,06
Currelos, Papizios e Sobral,08
Castro Daire,3
Almofala,01
Cabril,03
Castro Daire,04
Cujo,05
Gosende,09
Moes,12
Moledo,13
Monteiras,14
Pepim,17
Pinheiro,19
S. Joaninho,22
Mamouros, Alva e Ribolhos,23
Mezio e Moura Morta,24
Parada de Ester e Ester,25
Picao e Ermida,26
Reriz e Gafanhao,27
Cinfaes,4
Cinfaes,03
Espadanedo,04
Ferreiros de Tendais,05
Fornelos,06
Moimenta,08
Nespereira,09
Oliveira do Douro,10
Santiago de Piaes,12
S. Cristovao de Nogueira,13
Souselo,14
Tarouquela,15
Tendais,16
Travanca,17
Alhoes, Bustelo, Gralheira e Ramires,18
Lamego,5
Avoes,02
Britiande,04
Cambres,05
Ferreirim,07
Ferreiros de Avoes,08
Figueira,09
Lalim,10
Lazarim,11
Penajoia,16
Penude,17
Samodaes,19
Sande,20
Varzea de Abrunhais,23
Vila Nova de Souto D El-Rei,24
Lamego (Almacave e Se),25
Bigorne, Magueija e Pretarouca,26
Cepoes, Meijinhos e Melcoes,27
Parada do Bispo e Valdigem,28
Mangualde,6
Abrunhosa-A-Velha,01
Alcafache,02
Cunha Baixa,05
Espinho,06
Fornos de Maceira Dao,07
Freixiosa,08
Quintela de Azurara,14
S. Joao da Fresta,16
Mangualde, Mesquitela e Cunha Alta,19
Moimenta de Maceira Dao e Lobelhe do Mato,20
Santiago de Cassurraes e Povoa de Cervaes,21
Tavares (Chas, Varzea e Travanca),22
Moimenta da Beira,7
Alvite,02
Arcozelos,03
Baldos,05
Cabacos,06
Caria,07
Castelo,08
Leomil,09
Moimenta da Beira,10
Passo,13
Rua,16
Sarzedo,17
Sever,19
Vilar,20
Paradinha e Nagosa,21
Pera Velha, Aldeia de Nacomba e Ariz,22
Peva e Segoes,23
Mortagua,8
Cercosa,02
Espinho,04
Marmeleira,05
Pala,07
Sobral,08
Trezoi,09
Mortagua, Vale de Remigio, Cortegaca e Almaca,11
Nelas,9
Canas de Senhorim,01
Nelas,03
Senhorim,05
Vilar Seco,06
Lapa do Lobo,08
Carvalhal Redondo e Aguieira,10
Santar e Moreira,11
Oliveira de Frades,10
Arcozelo Das Maias,02
Pinheiro,05
Ribeiradio,07
S. Joao da Serra,08
S. Vicente de Lafoes,09
Arca e Varzielas,13
Destriz e Reigoso,14
Oliveira de Frades, Souto de Lafoes e Sejaes,15
Penalva do Castelo,11
Castelo de Penalva,02
Esmolfe,03
Germil,04
Insua,05
Lusinde,06
Pindo,09
Real,10
Sezures,11
Trancozelos,12
Antas e Matela,14
Vila Cova do Covelo/Mareco,15
Penedono,12
Beselga,02
Castainco,03
Penela da Beira,07
Povoa de Penela,08
Souto,09
Antas e Ourozinho,10
Penedono e Granja,11
Resende,13
Barro,02
Carquere,03
Paus,10
Resende,11
S. Cipriano,12
S. Joao de Fontoura,13
S. Martinho de Mouros,14
Anreade e Sao Romao de Aregos,16
Felgueiras e Feirao,17
Freigil e Miomaes,18
Ovadas e Panchorra,19
Santa Comba Dao,14
Pinheiro de Azere,03
S. Joaninho,05
S. Joao de Areias,06
Ovoa e Vimieiro,10
Santa Comba Dao e Couto do Mosteiro,11
Treixedo e Nagozela,12
S. Joao da Pesqueira,15
Castanheiro do Sul,01
Ervedosa do Douro,02
Nagozelo do Douro,04
Paredes da Beira,05
Riodades,07
Soutelo do Douro,09
Vale de Figueira,11
Valongo Dos Azeites,12
Sao Joao da Pesqueira e Varzea de Trevoes,15
Trevoes e Espinhosa,16
Vilarouco e Pereiros,17
S. Pedro do Sul,16
Bordonhos,02
Figueiredo de Alva,06
Manhouce,07
Pindelo Dos Milagres,08
Pinho,09
S. Felix,12
Serrazes,15
Sul,16
Valadares,17
Vila Maior,19
Carvalhais e Candal,20
Santa Cruz da Trapa e Sao Cristovao de Lafoes,21
Sao Martinho Das Moitas e Covas do Rio,22
Sao Pedro do Sul, Varzea e Baioes,23
Satao,17
Avelal,02
Ferreira de Aves,04
Mioma,06
Rio de Moinhos,07
S. Miguel de Vila Boa,09
Satao,10
Silva de Cima,11
Aguas Boas e Forles,13
Romas, Decermilo e Vila Longa,14
Sernancelhe,18
Arnas,01
Carregal,02
Chosendo,03
Cunha,04
Faia,06
Granjal,10
Lamosa,11
Quintela,14
Vila da Ponte,17
Ferreirim e Macieira,18
Fonte Arcada e Escurquela,19
Penso e Freixinho,20
Sernancelhe e Sarzeda,21
Tabuaco,19
Adorigo,01
Arcos,02
Chavaes,04
Desejosa,05
Granja do Tedo,06
Longa,08
Sendim,13
Tabuaco,14
Valenca do Douro,17
Barcos e Santa Leocadia,18
Paradela e Granjinha,19
Pinheiros e Vale de Figueira,20
Tavora e Pereiro,21
Tarouca,20
Mondim da Beira,04
Salzedas,05
S. Joao de Tarouca,06
Varzea da Serra,09
Gouviaes e Ucanha,11
Granja Nova e Vila Cha da Beira,12
Tarouca e Dalvares,13
Tondela,21
Campo de Besteiros,02
Canas de Santa Maria,03
Casteloes,05
Dardavaz,06
Ferreiros do Dao,07
Guardao,08
Lajeosa do Dao,09
Lobao da Beira,10
Molelos,11
Parada de Gonta,16
Santiago de Besteiros,18
Tonda,22
Barreiro de Besteiros e Tourigo,27
Caparrosa e Silvares,28
Mouraz e Vila Nova da Rainha,29
Sao Joao do Monte e Mosteirinho,30
Sao Miguel do Outeiro e Sabugosa,31
Tondela e Nandufe,32
Vilar de Besteiros e Mosteiro de Fraguas,33
Vila Nova de Paiva,22
Pendilhe,03
Queiriga,04
Touro,05
Vila Cova A Coelheira,06
Vila Nova de Paiva, Alhais e Fraguas,08
Viseu,23
Abraveses,01
Bodiosa,04
Calde,05
Campo,06
Cavernaes,07
Cota,10
Fragosela,15
Lordosa,16
Silgueiros,17
Mundao,18
Orgens,19
Povolide,20
Ranhados,21
Ribafeita,22
Rio de Loba,23
Santos Evos,25
S. Joao de Lourosa,27
S. Pedro de France,29
Barreiros e Cepoes,35
Boa Aldeia, Farminhao e Torredeita,36
Couto de Baixo e Couto de Cima,37
Fail e Vila Cha de Sa,38
Repeses e Sao Salvador,39
Sao Cipriano e Vil de Souto,40
Viseu,41
Vouzela,24
Alcofra,01
Campia,03
Fornelo do Monte,07
Queira,09
S. Miguel do Mato,10
Ventosa,11
Cambra e Carvalhal de Vermilhas,13
Fatauncos e Figueiredo Das Donas,14
Vouzela e Pacos de Vilharigues,15
VILA REAL,17
Alijo,1
Alijo,01
Favaios,07
Pegarinhos,08
Pinhao,09
Sanfins do Douro,12
Santa Eugenia,13
S. Mamede de Ribatua,14
Vila Cha,16
Vila Verde,17
Vilar de Macada,18
Carlao e Amieiro,20
Castedo e Cotas,21
Populo e Ribalonga,22
Vale Mendiz, Casal Loivos, Vilarinho Cotas,23
Boticas,2
Beca,03
Covas do Barroso,08
Dornelas,10
Pinho,13
Sapiaos,15
Alturas do Barroso e Cerdedo,17
Ardaos e Bobadela,18
Boticas e Granja,19
Codessoso, Curros e Fiaes do Tamega,20
Vilar e Viveiro,21
Chaves,3
Aguas Frias,01
Anelhe,02
Bustelo,05
Cimo de Vila da Castanheira,09
Curalha,10
Ervededo,12
Faioes,13
Lama de Arcos,14
Mairos,16
Moreiras,17
Nogueira da Montanha,18
Oura,20
Outeiro Seco,21
Paradela,22
Redondelo,24
Sanfins,27
Santa Leocadia,29
Santo Antonio de Monforte,30
Santo Estevao,31
S. Pedro de Agostem,33
S. Vicente,34
Tronco,40
Vale de Anta,41
Vila Verde da Raia,43
Vilar de Nantes,44
Vilarelho da Raia,45
Vilas Boas,47
Vilela Seca,48
Vilela do Tamega,49
Santa Maria Maior,50
Planalto de Monforte (Oucidres e Bobadela),53
Madalena e Samaioes,54
Eiras, Sao Juliao de Montenegro e Cela,55
Calvao e Soutelinho da Raia,56
Loivos e Povoa de Agracoes,57
Santa Cruz/Trindade e Sanjurge,58
Soutelo e Seara Velha,59
Travancas e Roriz,60
Vidago, Arcosso, Selhariz, Vilarinho Paranheiras,61
Mesao Frio,4
Barqueiros,01
Cidadelhe,02
Oliveira,03
Vila Marim,07
Mesao Frio (Santo Andre),08
Mondim de Basto,5
Atei,01
Bilho,02
Mondim de Basto,05
Vilar de Ferreiros,08
Campanho e Paradanca,09
Ermelo e Pardelhas,10
Montalegre,6
Cabril,01
Cervos,03
Cha,04
Covelo do Geres,07
Ferral,09
Gralhas,12
Morgade,16
Negroes,18
Outeiro,19
Pitoes Das Junias,23
Reigoso,25
Salto,26
Santo Andre,27
Sarraquinhos,29
Solveira,31
Tourem,32
Vila da Ponte,35
Cambeses do Rio, Donoes e Mourilhe,36
Meixedo e Padornelos,37
Montalegre e Padroso,38
Paradela, Contim e Fiaes,39
Sezelhe e Covelaes,40
Venda Nova e Pondras,41
Viade de Baixo e Fervidelas,42
Vilar de Perdizes e Meixide,43
Murca,7
Candedo,01
Fiolhoso,03
Jou,04
Murca,05
Valongo de Milhais,08
Carva e Vilares,10
Noura e Palheiros,11
Peso da Regua,8
Fontelas,02
Loureiro,05
Sedielos,09
Vilarinho Dos Freires,10
Galafura e Covelinhas,13
Moura Morta e Vinhos,14
Peso da Regua e Godim,15
Poiares e Canelas,16
Ribeira de Pena,9
Alvadia,01
Canedo,02
Santa Marinha,06
Cerva e Limoes,08
Salvador e Santo Aleixo de Alem-Tamega,09
Sabrosa,10
Celeiros,01
Covas do Douro,02
Gouvinhas,04
Parada de Pinhao,05
Pacos,07
Sabrosa,09
S. Lourenco de Ribapinhao,11
Souto Maior,13
Torre do Pinhao,14
Vilarinho de S. Romao,15
Provesende, Gouvaes Douro, S.Cristovao Douro,16
Sao Martinho de Antas e Paradela de Guiaes,17
Santa Marta de Penaguiao,11
Alvacoes do Corgo,01
Cumieira,02
Fontes,03
Medroes,06
Sever,10
Lobrigos (S.Miguel e S.Joao Baptista) e Sanhoane,11
Louredo e Fornelos,12
Valpacos,12
Agua Reves e Crasto,01
Argeriz,03
Boucoaes,05
Canaveses,06
Ervoes,09
Fornos do Pinhal,11
Frioes,12
Padrela e Tazem,15
Possacos,16
Rio Torto,17
Santa Maria de Emeres,19
Santa Valha,20
Santiago de Ribeira de Alhariz,21
S. Joao da Corveira,22
S. Pedro de Veiga de Lila,23
Serapicos,24
Vales,27
Vassal,29
Veiga de Lila,30
Vilarandelo,31
Carrazedo de Montenegro e Curros,32
Lebucao, Fiaes e Nozelos,33
Sonim e Barreiros,34
Tinhela e Alvarelhos,35
Valpacos e Sanfins,36
Vila Pouca de Aguiar,13
Alfarela de Jales,02
Bornes de Aguiar,03
Bragado,04
Capeludos,05
Soutelo de Aguiar,10
Teloes,11
Tresminas,12
Valoura,13
Vila Pouca de Aguiar,14
Vreia de Bornes,15
Vreia de Jales,16
Sabroso de Aguiar,17
Alvao,19
Pensalvos e Parada de Monteiros,20
Vila Real,14
Abacas,01
Andraes,03
Arroios,04
Campea,06
Folhadela,09
Guiaes,10
Lordelo,14
Mateus,15
Mondroes,16
Parada de Cunhos,20
Torgueda,26
Vila Marim,29
Adoufe e Vilarinho de Samarda,31
Borbela e Lamas de Olo,32
Constantim e Vale de Nogueiras,33
Moucos e Lamares,34
Nogueira e Ermida,35
Pena, Quinta e Vila Cova,36
Sao Tome do Castelo e Justes,37
Nossa Senhora da Conceicao, Sao Pedro e Sao Dinis,38
VIANA DO CASTELO,16
Arcos de Valdevez,1
Aboim Das Chocas,01
Aguia,02
Azere,04
Cabana Maior,05
Cabreiro,06
Cendufe,08
Couto,09
Gavieira,13
Gondoriz,15
Miranda,21
Monte Redondo,22
Oliveira,23
Paco,24
Padroso,25
Prozelo,28
Rio Frio,30
Rio de Moinhos,31
Sabadim,33
Jolda (S. Paio),42
Senharei,44
Sistelo,45
Soajo,46
Vale,49
Alvora e Loureda,52
Arcos de Valdevez (Sao Paio) e Giela,53
Salvador, Vila Fonche e Parada,54
Eiras e Mei,55
Grade e Carralcova,56
Guilhadeses e Santar,57
Jolda (Madalena) e Rio Cabrao,58
Padreiro (Salvador e Santa Cristina),59
Portela e Extremo,60
Sao Jorge e Ermelo,61
Souto e Tabaco,62
Tavora (Santa Maria e Sao Vicente),63
Vilela, Sao Cosme e Sao Damiao e Sa,64
Caminha,2
Ancora,01
Argela,05
Dem,09
Lanhelas,11
Riba de Ancora,14
Seixas,15
Vila Praia de Ancora,17
Vilar de Mouros,18
Vile,20
Arga (Baixo, Cima e Sao Joao),21
Caminha (Matriz) e Vilarelho,22
Gondar e Orbacem,23
Moledo e Cristelo,24
Venade e Azevedo,25
Melgaco,3
Alvaredo,01
Cousso,04
Cristoval,05
Fiaes,07
Gave,08
Paderne,11
Penso,13
S. Paio,17
Castro Laboreiro e Lamas de Mouro,19
Chaviaes e Pacos,20
Parada do Monte e Cubalhao,21
Prado e Remoaes,22
Vila e Roussas,23
Moncao,4
Abedim,01
Barbeita,04
Barrocas e Taias,05
Bela,06
Cambeses,07
Lara,10
Longos Vales,11
Merufe,15
Moreira,18
Pias,20
Pinheiros,21
Podame,22
Portela,23
Riba de Mouro,24
Segude,27
Tangil,28
Trute,31
Anhoes e Luzio,34
Ceivaes e Badim,35
Mazedo e Cortes,36
Messegaes, Valadares e Sa,37
Moncao e Troviscoso,38
Sago, Lordelo e Parada,39
Troporiz e Lapela,40
Paredes de Coura,5
Agualonga,01
Castanheira,03
Coura,05
Cunha,07
Infesta,10
Mozelos,13
Padornelo,14
Parada,15
Romarigaes,19
Rubiaes,20
Vascoes,21
Bico e Cristelo,22
Cossourado e Linhares,23
Formariz e Ferreira,24
Insalde e Porreiras,25
Paredes de Coura e Resende,26
Ponte da Barca,6
Azias,01
Boivaes,02
Bravaes,03
Britelo,04
Cuide de Vila Verde,06
Lavradas,11
Lindoso,12
Nogueira,13
Oleiros,14
Sampriz,19
Vade (S. Pedro),23
Vade (S. Tome),24
Crasto, Ruivos e Grovelas,26
Entre Ambos-Os-Rios, Ermida e Germil,27
Ponte da Barca, V.N. Muia, Paco Vedro Magalhaes,28
Touvedo (Sao Lourenco e Salvador),29
Vila Cha (Sao Joao Baptista e Santiago),30
Ponte de Lima,7
Anais,01
Sao Pedro de Arcos,03
Arcozelo,04
Beiral do Lima,07
Bertiandos,08
Boalhosa,09
Brandara,10
Calheiros,13
Calvelo,14
Correlha,16
Estoraos,17
Facha,18
Feitosa,19
Fontao,21
Friastelas,24
Gandra,26
Gemieira,27
Gondufe,28
Labruja,29
Poiares,34
Refoios do Lima,37
Ribeira,39
Sa,40
Santa Comba,42
Santa Cruz do Lima,43
Rebordoes (Santa Maria),44
Seara,45
Serdedelo,46
Rebordoes (Souto),47
Vitorino Das Donas,50
Arca e Ponte de Lima,52
Ardegao, Freixo e Mato,53
Associacao de Freguesias do Vale do Neiva,54
Barrio e Cepoes,55
Cabacos e Fojo Lobal,56
Cabracao e Moreira do Lima,57
Fornelos e Queijada,58
Labrujo, Rendufe e Vilar do Monte,59
Navio e Vitorino Dos Piaes,60
Valenca,8
Boivao,02
Cerdal,03
Fontoura,05
Friestas,06
Ganfei,08
S. Pedro da Torre,12
Verdoejo,16
Gandra e Taiao,17
Gondomil e Sanfins,18
Sao Juliao e Silva,19
Valenca, Cristelo Covo e Arao,20
Viana do Castelo,9
Afife,01
Alvaraes,02
Amonde,03
Vila Nova de Anha,04
Areosa,05
Carreco,08
Castelo do Neiva,10
Darque,11
Freixieiro de Soutelo,14
Lanheses,15
Montaria,20
Mujaes,22
Sao Romao de Neiva,23
Outeiro,25
Perre,26
Santa Marta de Portuzelo,28
Vila Franca,35
Vila de Punhe,38
Chafe,40
Barroselas e Carvoeiro,41
Cardielos e Serreleis,42
Geraz do Lima (S.Maria, S.Leocadia, Moreira), Deao,43
Mazarefes e Vila Fria,44
Nogueira, Meixedo e Vilar de Murteda,45
Subportela, Deocriste e Portela Susa,46
Torre e Vila Mou,47
Santa Maria Maior e Monserrate e Meadela,48
Vila Nova de Cerveira,10
Cornes,03
Covas,04
Gondarem,06
Loivo,07
Mentrestido,09
Sapardos,12
Sopo,13
Campos e Vila Mea,16
Candemil e Gondar,17
Reboreda e Nogueira,18
Vila Nova de Cerveira e Lovelhe,19
SETUBAL,15
Alcacer do Sal,1
Torrao,04
S. Martinho,05
Comporta,06
Santa Maria do Castelo e Santiago e Santa Susana,07
Alcochete,2
Alcochete,01
Samouco,02
S. Francisco,03
Almada,3
Costa da Caparica,03
Almada, Cova da Piedade, Pragal e Cacilhas,12
Caparica e Trafaria,13
Charneca de Caparica e Sobreda,14
Laranjeiro e Feijo,15
Barreiro,4
Santo Antonio da Charneca,07
Alto do Seixalinho, Santo Andre e Verderena,09
Barreiro e Lavradio,10
Palhais e Coina,11
Grandola,5
Azinheira Dos Barros e Sao Mamede do Sadao,01
Melides,03
Carvalhal,05
Grandola e Santa Margarida da Serra,06
Moita,6
Alhos Vedros,01
Moita,03
Baixa da Banheira e Vale da Amoreira,07
Gaio-Rosario e Sarilhos Pequenos,08
Montijo,7
Canha,01
Sarilhos Grandes,04
Atalaia e Alto Estanqueiro-Jardia,09
Montijo e Afonsoeiro,10
Pegoes,11
Palmela,8
Palmela,02
Pinhal Novo,03
Quinta do Anjo,04
Poceirao e Marateca,06
Santiago do Cacem,9
Abela,01
Alvalade,02
Cercal,03
Ermidas-Sado,04
Santo Andre,07
S. Francisco da Serra,10
Santiago do Cacem, S.Cruz e S.Bartolomeu da Serra,12
Sao Domingos e Vale de Agua,13
Seixal,10
Amora,02
Corroios,05
Fernao Ferro,06
Seixal, Arrentela e Aldeia de Paio Pires,07
Sesimbra,11
Sesimbra (Castelo),01
Sesimbra (Santiago),02
Quinta do Conde,03
Setubal,12
Setubal (S. Sebastiao),05
Gambia-Pontes-Alto da Guerra,07
Sado,08
Azeitao (Sao Lourenco e Sao Simao),09
S.Juliao, N.S. da Anunciada e S.Maria da Graca,10
Sines,13
Sines,01
Porto Covo,02
SANTAREM,14
Abrantes,1
Bemposta,04
Martinchel,05
Mouriscas,06
Pego,07
Rio de Moinhos,08
Tramagal,15
Fontes,18
Carvalhal,19
Abrantes (Sao Vicente e Sao Joao) e Alferrarede,20
Aldeia do Mato e Souto,21
Alvega e Concavada,22
Sao Facundo e Vale Das Mos,23
Sao Miguel do Rio Torto e Rossio Ao Sul do Tejo,24
Alcanena,2
Bugalhos,02
Minde,06
Moitas Venda,07
Monsanto,08
Serra de Santo Antonio,09
Alcanena e Vila Moreira,11
Malhou, Louriceira e Espinheiro,12
Almeirim,3
Almeirim,01
Benfica do Ribatejo,02
Fazendas de Almeirim,03
Raposa,04
Alpiarca,4
Alpiarca,01
Benavente,5
Benavente,01
Samora Correia,02
Santo Estevao,03
Barrosa,04
Cartaxo,6
Pontevel,04
Valada,05
Vila Cha de Ourique,07
Vale da Pedra,08
Cartaxo e Vale da Pinta,09
Ereira e Lapa,10
Chamusca,7
Ulme,04
Vale de Cavalos,05
Carregueira,07
Chamusca e Pinheiro Grande,08
Parreira e Chouto,09
Constancia,8
Constancia,01
Montalvo,02
Santa Margarida da Coutada,03
Coruche,9
Couco,02
S. Jose da Lamarosa,03
Branca,05
Biscainho,07
Santana do Mato,08
Coruche, Fajarda e Erra,09
Entroncamento,10
Nossa Sra de Fatima,02
Sao Joao Baptista,03
Ferreira do Zezere,11
Aguas Belas,01
Beco,03
Chaos,04
Ferreira do Zezere,06
Igreja Nova do Sobral,07
Nossa Senhora do Pranto,10
Areias e Pias,11
Golega,12
Azinhaga,01
Golega,02
Pombalinho,03
Macao,13
Amendoa,02
Cardigos,03
Carvoeiro,04
Envendos,05
Ortiga,07
Macao, Penhascoso e Aboboreira,09
Rio Maior,14
Alcobertas,01
Arrouquelas,02
Fraguas,05
Rio Maior,08
Asseiceira,10
S. Sebastiao,11
Azambujeira e Malaqueijo,15
Marmeleira e Assentiz,16
Outeiro da Corticada e Arruda Dos Pisoes,17
Sao Joao da Ribeira e Ribeira de Sao Joao,18
Salvaterra de Magos,15
Marinhais,02
Muge,03
Gloria do Ribatejo e Granho,07
Salvaterra de Magos e Foros de Salvaterra,08
Santarem,16
Abitureiras,01
Abra,02
Alcanede,04
Alcanhoes,05
Almoster,06
Amiais de Baixo,07
Arneiro Das Milharicas,08
Mocarria,13
Pernes,14
Povoa da Isenta,16
Vale de Santarem,25
Gancaria,28
Achete, Azoia de Baixo e Povoa de Santarem,29
Azoia de Cima e Tremes,30
Casevel e Vaqueiros,31
Romeira e Varzea,32
Marvila, Ribeira Santarem, S.Salvador, S.Nicolau,33
Sao Vicente do Paul e Vale de Figueira,34
Sardoal,17
Alcaravela,01
Santiago de Montalegre,02
Sardoal,03
Valhascos,04
Tomar,18
Asseiceira,02
Carregueiros,04
Olalhas,08
Paialvo,09
S. Pedro de Tomar,13
Sabacheira,14
Alem da Ribeira e Pedreira,17
Casais e Alviobeira,18
Madalena e Beselga,19
Serra e Junceira,20
Sao Joao Baptista e Santa Maria Dos Olivais,21
Torres Novas,19
Assentiz,02
Chancelaria,04
Pedrogao,09
Riachos,10
Zibreira,16
Meia Via,17
Brogueira, Parceiros de Igreja e Alcorochel,18
Olaia e Paco,19
Torres Novas (Santa Maria, Salvador e Santiago),20
Torres Novas (Sao Pedro), Lapas e Ribeira Branca,21
Vila Nova da Barquinha,20
Atalaia,01
Praia do Ribatejo,02
Tancos,03
Vila Nova da Barquinha,06
Ourem,21
Alburitel,01
Atouguia,02
Caxarias,04
Espite,05
Fatima,06
Nossa Senhora Das Misericordias,11
Seica,13
Urqueira,14
Nossa Senhora da Piedade,15
Freixianda, Ribeira do Farrio e Formigais,19
Gondemaria e Olival,20
Matas e Cercal,21
Rio de Couros e Casal Dos Bernardos,22
PORTO,13
Amarante,1
Ansiaes,03
Candemil,07
Fregim,12
Fridao,15
Gondar,17
Jazente,18
Lomba,19
Louredo,20
Lufrei,21
Mancelos,23
Padronelo,26
Rebordelo,28
Salvador do Monte,29
Gouveia (S. Simao),34
Teloes,35
Travanca,36
Vila Caiz,38
Vila Chao do Marao,39
Aboadela, Sanche e Varzea,41
Amarante (Sao Goncalo), Madalena, Cepelos e Gatao,42
Bustelo, Carneiro e Carvalho de Rei,43
Figueiro (Santiago e Santa Cristina),44
Freixo de Cima e de Baixo,45
Olo e Canadelo,46
Real, Ataide e Oliveira,47
Vila Garcia, Aboim e Chapa,48
Baiao,2
Frende,04
Gestaco,05
Gove,06
Grilo,07
Loivos do Monte,08
Santa Marinha do Zezere,15
Valadares,19
Viariz,20
Ancede e Ribadouro,21
Baiao (Santa Leocadia) e Mesquinhata,22
Campelo e Ovil,23
Loivos da Ribeira e Tresouras,24
Santa Cruz do Douro e Sao Tome de Covelas,25
Teixeira e Teixeiro,26
Felgueiras,3
Aiao,01
Airaes,02
Friande,05
Idaes,06
Jugueiros,07
Penacova,13
Pinheiro,14
Pombeiro de Ribavizela,15
Refontoura,17
Regilde,18
Revinhade,19
Sendim,24
Macieira da Lixa e Caramos,34
Margaride, Varzea, Lagares, Varziela, Moure,35
Pedreira, Rande e Sernande,36
Torrados e Sousa,37
Unhao e Lordelo,38
Vila Cova da Lixa e Borba de Godim,39
Vila Fria e Vizela (Sao Jorge),40
Vila Verde e Santao,41
Gondomar,4
Lomba,05
Rio Tinto,08
Baguim do Monte (Rio Tinto),12
Fanzeres e Sao Pedro da Cova,13
Foz do Sousa e Covelo,14
Gondomar (Sao Cosme), Valbom e Jovim,15
Melres e Medas,16
Lousada,5
Aveleda,02
Caide de Rei,04
Lodares,10
Macieira,12
Meinedo,13
Nevogilde,15
Sousela,24
Torno,25
Vilar do Torno e Alentem,26
Cernadelo e Lousada (Sao Miguel e Santa Margarida),27
Cristelos, Boim e Ordem,28
Figueiras e Covas,29
Lustosa e Barrosas (Santo Estevao),30
Nespereira e Casais,31
Silvares, Pias, Nogueira e Alvarenga,32
Maia,6
Aguas Santas,01
Folgosa,03
Milheiros,08
Moreira,09
S. Pedro Fins,13
Vila Nova da Telha,16
Pedroucos,17
Castelo da Maia,18
Cidade da Maia,19
Nogueira e Silva Escura,20
Marco de Canaveses,7
Banho e Carvalhosa,04
Constance,05
Soalhaes,22
Sobretamega,23
Tabuado,24
Vila Boa do Bispo,30
Alpendorada, Varzea e Torrao,32
Avessadas e Rosem,33
Bem Viver,34
Livracao,35
Marco,36
Paredes de Viadores e Manhuncelos,37
Penhalonga e Pacos de Gaiolo,38
Sande e Sao Lourenco,39
Varzea, Aliviada e Folhada,40
Vila Boa de Quires e Maureles,41
Matosinhos,8
Custoias, Leca do Balio e Guifoes,11
Matosinhos e Leca da Palmeira,12
Perafita, Lavra e Santa Cruz do Bispo,13
Sao Mamede de Infesta e Senhora da Hora,14
Pacos de Ferreira,9
Carvalhosa,02
Eiriz,04
Ferreira,05
Figueiro,06
Freamunde,08
Meixomil,10
Penamaior,13
Raimonda,14
Seroa,16
Frazao Arreigada,17
Pacos de Ferreira,18
Sanfins Lamoso Codessos,19
Paredes,10
Aguiar de Sousa,01
Astromil,02
Baltar,03
Beire,04
Cete,08
Cristelo,09
Duas Igrejas,10
Gandra,11
Lordelo,13
Louredo,14
Parada de Todeia,17
Rebordosa,18
Recarei,19
Sobreira,20
Sobrosa,21
Vandoma,22
Vilela,24
Paredes,25
Penafiel,11
Abragao,01
Boelhe,02
Bustelo,03
Cabeca Santa,04
Canelas,05
Capela,06
Casteloes,07
Croca,08
Duas Igrejas,09
Eja,10
Fonte Arcada,12
Galegos,13
Irivo,15
Oldroes,21
Paco de Sousa,22
Perozelo,25
Rans,28
Rio de Moinhos,29
Recezinhos (S. Mamede),32
Recezinhos (S. Martinho),33
Sebolido,34
Valpedre,36
Rio Mau,38
Penafiel,39
Luzim e Vila Cova,40
Guilhufe e Urro,41
Lagares e Figueira,42
Termas de Sao Vicente,43
Porto,12
Bonfim,02
Campanha,03
Paranhos,10
Ramalde,11
Aldoar, Foz do Douro e Nevogilde,16
Cedofeita,Ildefonso,Se,Miragaia,Nicolau,Vitoria,17
Lordelo do Ouro e Massarelos,18
Povoa de Varzim,13
Balazar,05
Estela,07
Laundos,08
Rates,11
Aver-O-Mar, Amorim e Terroso,13
Agucadoura e Navais,14
Povoa de Varzim, Beiriz e Argivai,15
Santo Tirso,14
Agrela,01
Agua Longa,02
Aves,05
Monte Cordova,13
Rebordoes,16
Reguenga,18
Roriz,19
Negrelos (S. Tome),30
Vilarinho,32
Areias, Sequeiro, Lama e Palmeira,33
Campo, S.Salvador Campo, Negrelos,34
Carreira e Refojos de Riba de Ave,35
Lamelas e Guimarei,36
St.Tirso, Couto (S.Cristina e S.Miguel) e Burgaes,37
Valongo,15
Alfena,01
Ermesinde,03
Valongo,05
Campo e Sobrado,06
Vila do Conde,16
Arvore,02
Aveleda,03
Azurara,04
Fajozes,07
Giao,10
Guilhabreu,11
Junqueira,12
Labruge,13
Macieira da Maia,14
Mindelo,16
Modivas,17
Vila Cha,27
Vila do Conde,28
Vilar de Pinheiro,30
Bagunte, Ferreiro, Outeiro Maior e Parada,31
Fornelo e Vairao,32
Malta e Canidelo,33
Retorta e Tougues,34
Rio Mau e Arcos,35
Touguinha e Touguinho,36
Vilar e Mosteiro,37
Vila Nova de Gaia,17
Arcozelo,01
Avintes,02
Canelas,03
Canidelo,04
Madalena,09
Oliveira do Douro,12
S. Felix da Marinha,17
Vilar de Andorinho,23
Grijo e Sermonde,25
Gulpilhares e Valadares,26
Mafamude e Vilar do Paraiso,27
Pedroso e Seixezelo,28
Sandim, Olival, Lever e Crestuma,29
Santa Marinha e Sao Pedro da Afurada,30
Serzedo e Perosinho,31
Trofa,18
Covelas,06
Muro,08
Alvarelhos e Guidoes,09
Bougado (Sao Martinho e Santiago),10
Coronado (Sao Romao e Sao Mamede),11
PORTALEGRE,12
Alter do Chao,1
Alter do Chao,01
Chancelaria,02
Seda,03
Cunheira,04
Arronches,2
Assuncao,01
Esperanca,02
Mosteiros,03
Avis,3
Aldeia Velha,02
Avis,03
Ervedal,05
Figueira e Barros,06
Alcorrego e Maranhao,09
Benavila e Valongo,10
Campo Maior,4
Nossa Senhora da Expectacao,01
Nossa Senhora da Graca Dos Degolados,02
S. Joao Baptista,03
Castelo de Vide,5
Nossa Senhora da Graca de Povoa e Meadas,01
Santa Maria da Devesa,02
Santiago Maior,03
S. Joao Baptista,04
Crato,6
Aldeia da Mata,01
Gafete,04
Monte da Pedra,05
Crato e Martires, Flor da Rosa e Vale do Peso,07
Elvas,7
Santa Eulalia,06
S. Bras e S. Lourenco,07
S. Vicente e Ventosa,08
Assuncao, Ajuda, Salvador e Santo Ildefonso,12
Caia, Sao Pedro e Alcacova,13
Barbacena e Vila Fernando,14
Terrugem e Vila Boim,15
Fronteira,8
Cabeco de Vide,01
Fronteira,02
S. Saturnino,03
Gaviao,9
Belver,02
Comenda,03
Margem,05
Gaviao e Atalaia,06
Marvao,10
Beira,01
Santa Maria de Marvao,02
Santo Antonio Das Areias,03
S. Salvador da Aramenha,04
Monforte,11
Assumar,01
Monforte,02
Santo Aleixo,03
Vaiamonte,04
Nisa,12
Alpalhao,01
Montalvao,05
Santana,07
S. Matias,08
Tolosa,10
Arez e Amieira do Tejo,11
Espirito Santo, Nossa Senhora da Graca e Sao Simao,12
Ponte de Sor,13
Galveias,01
Montargil,02
Foros de Arrao,04
Longomel,05
Ponte de Sor, Tramaga e Vale de Acor,08
Portalegre,14
Alagoa,01
Alegrete,02
Fortios,04
Urra,10
Se e Sao Lourenco,11
Reguengo e Sao Juliao,12
Ribeira de Nisa e Carreiras,13
Sousel,15
Cano,01
Casa Branca,02
Santo Amaro,03
Sousel,04
LISBOA,11
Alenquer,1
Carnota,06
Meca,07
Olhalvo,08
Ota,09
Ventosa,13
Vila Verde Dos Francos,14
Abrigada e Cabanas de Torres,17
Aldeia Galega da Merceana e Aldeia Gavinha,18
Alenquer (Santo Estevao e Triana),19
Carregado e Cadafais,20
Ribafria e Pereiro de Palhacana,21
Arruda Dos Vinhos,2
Arranho,01
Arruda Dos Vinhos,02
Cardosas,03
Santiago Dos Velhos,04
Azambuja,3
Alcoentre,01
Aveiras de Baixo,02
Aveiras de Cima,03
Azambuja,04
Vale do Paraiso,06
Vila Nova da Rainha,07
Manique do Intendente, V.N.De S.Pedro e Macussa,10
Cadaval,4
Alguber,01
Peral,07
Vermelha,09
Vilar,10
Cadaval e Pero Moniz,11
Lamas e Cercal,12
Painho e Figueiros,13
Cascais,5
Alcabideche,01
S. Domingos de Rana,06
Carcavelos e Parede,07
Cascais e Estoril,08
Lisboa,6
Ajuda,01
Alcantara,02
Beato,07
Benfica,08
Campolide,10
Carnide,11
Lumiar,18
Marvila,21
Olivais,33
S. Domingos de Benfica,39
Alvalade,54
Areeiro,55
Arroios,56
Avenidas Novas,57
Belem,58
Campo de Ourique,59
Estrela,60
Misericordia,61
Parque Das Nacoes,62
Penha de Franca,63
Santa Clara,64
Santa Maria Maior,65
Santo Antonio,66
Sao Vicente,67
Loures,7
Bucelas,02
Fanhoes,05
Loures,07
Lousa,08
Moscavide e Portela,26
Sacavem e Prior Velho,27
Santa Iria de Azoia, Sao Joao da Talha e Bobadela,28
Santo Antao e Sao Juliao do Tojal,29
Santo Antonio Dos Cavaleiros e Frielas,30
Camarate, Unhos e Apelacao,31
Lourinha,8
Moita Dos Ferreiros,03
Reguengo Grande,05
Santa Barbara,06
Vimeiro,08
Ribamar,10
Lourinha e Atalaia,12
Miragaia e Marteleira,13
Sao Bartolomeu Dos Galegos e Moledo,14
Mafra,9
Carvoeira,02
Encarnacao,04
Ericeira,06
Mafra,09
Milharado,11
Santo Isidoro,13
Azueira e Sobral da Abelheira,18
Enxara do Bispo, Gradil e Vila Franca do Rosario,19
Igreja Nova e Cheleiros,20
Malveira e Sao Miguel de Alcainca,21
Venda do Pinheiro e Santo Estevao Das Gales,22
Oeiras,10
Barcarena,02
Porto Salvo,10
Alges, Linda-A-Velha e Cruz Quebrada-Dafundo,12
Carnaxide e Queijas,13
Oeiras e S.Juliao da Barra, Paco de Arcos e Caxias,14
Sintra,11
Algueirao-Mem Martins,02
Colares,05
Rio de Mouro,08
Casal de Cambra,15
Agualva e Mira-Sintra,22
Almargem do Bispo, Pero Pinheiro e Montelavar,23
Cacem e Sao Marcos,24
Massama e Monte Abraao,25
Queluz e Belas,26
Sao Joao Das Lampas e Terrugem,27
S.Maria e S.Miguel, S.Martinho, S.Pedro Penaferrim,28
Sobral de Monte Agraco,12
Santo Quintino,01
Sapataria,02
Sobral de Monte Agraco,03
Torres Vedras,13
Freiria,06
Ponte do Rol,10
Ramalhal,11
S. Pedro da Cadeira,14
Silveira,16
Turcifal,17
Ventosa,18
A Dos Cunhados e Maceira,21
Campelos e Outeiro da Cabeca,22
Carvoeira e Carmoes,23
Dois Portos e Runa,24
Maxial e Monte Redondo,25
S.P., Santiago, S.M. Castelo e S.Miguel, Matacaes,26
Vila Franca de Xira,14
Vialonga,08
Vila Franca de Xira,09
Alhandra, Sao Joao Dos Montes e Calhandriz,12
Alverca do Ribatejo e Sobralinho,13
Castanheira do Ribatejo e Cachoeiras,14
Povoa de Santa Iria e Forte da Casa,15
Amadora,15
Alfragide,12
Aguas Livres,13
Encosta do Sol,14
Falagueira-Venda Nova,15
Mina de Agua,16
Venteira,17
Odivelas,16
Odivelas,03
Pontinha e Famoes,08
Povoa de Santo Adriao e Olival Basto,09
Ramada e Canecas,10
LEIRIA,10
Alcobaca,1
Alfeizerao,02
Barrio,04
Benedita,05
Cela,06
Evora de Alcobaca,08
Maiorga,09
S. Martinho do Porto,12
Turquel,14
Vimeiro,16
Aljubarrota,20
Alcobaca e Vestiaria,21
Coz, Alpedriz e Montes,22
Pataias e Martinganca,23
Alvaiazere,2
Almoster,01
Macas de D. Maria,04
Pelma,05
Alvaiazere,08
Pussos Sao Pedro,09
Ansiao,3
Alvorge,01
Avelar,03
Chao de Couce,04
Pousaflores,06
Santiago da Guarda,07
Ansiao,09
Batalha,4
Batalha,01
Reguengo do Fetal,02
S. Mamede,03
Golpilheira,04
Bombarral,5
Carvalhal,02
Rolica,03
Po,05
Bombarral e Vale Covo,06
Caldas da Rainha,6
A Dos Francos,01
Alvorninha,02
Carvalhal Benfeito,04
Foz do Arelho,06
Landal,07
Nadadouro,08
Salir de Matos,09
Santa Catarina,11
Vidais,15
Nossa Senhora do Populo, Coto e Sao Gregorio,17
Caldas da Rainha - Santo Onofre e Serra do Bouro,18
Tornada e Salir do Porto,19
Castanheira de Pera,7
Castanheira de Pera e Coentral,03
Figueiro Dos Vinhos,8
Aguda,01
Arega,02
Campelo,03
Figueiro Dos Vinhos e Bairradas,06
Leiria,9
Amor,01
Arrabal,02
Caranguejeira,07
Coimbrao,09
Maceira,13
Milagres,15
Regueira de Pontes,21
Bajouca,25
Bidoeira de Cima,26
Colmeias e Memoria,32
Leiria, Pousos, Barreira e Cortes,33
Marrazes e Barosa,34
Monte Real e Carvide,35
Monte Redondo e Carreira,36
Parceiros e Azoia,37
Santa Catarina da Serra e Chainca,38
Santa Eufemia e Boa Vista,39
Souto da Carpalhosa e Ortigosa,40
Marinha Grande,10
Marinha Grande,01
Vieira de Leiria,02
Moita,03
Nazare,11
Famalicao,01
Nazare,02
Valado Dos Frades,03
Obidos,12
A Dos Negros,01
Amoreira,02
Olho Marinho,03
Vau,07
Gaeiras,08
Usseira,09
Santa Maria, Sao Pedro e Sobral da Lagoa,10
Pedrogao Grande,13
Graca,01
Pedrogao Grande,02
Vila Facaia,03
Peniche,14
Atouguia da Baleia,02
Serra D'el-Rei,05
Ferrel,06
Peniche,07
Pombal,15
Abiul,01
Almagreira,03
Carnide,04
Carrico,05
Lourical,06
Pelariga,08
Pombal,09
Redinha,10
Vermoil,13
Vila Ca,14
Meirinhas,15
Guia, Ilha e Mata Mourisca,18
Santiago e S.Simao de Litem e Albergaria Dos Doze,19
Porto de Mos,16
Alqueidao da Serra,02
Calvaria de Cima,05
Juncal,06
Mira de Aire,08
Pedreiras,09
S. Bento,10
Serro Ventoso,13
Porto de Mos - Sao Joao Baptista e Sao Pedro,14
Alvados e Alcaria,15
Arrimal e Mendiga,16
GUARDA,9
Aguiar da Beira,1
Carapito,02
Corticada,03
Dornelas,05
Eirado,06
Forninhos,07
Pena Verde,09
Pinheiro,10
Aguiar da Beira e Coruche,14
Sequeiros e Gradiz,15
Souto de Aguiar da Beira e Valverde,16
Almeida,2
Almeida,03
Castelo Bom,07
Freineda,09
Freixo,10
Malhada Sorda,13
Nave de Haver,19
S. Pedro de Rio Seco,24
Vale da Mula,27
Vilar Formoso,29
Amoreira, Parada e Cabreira,30
Azinhal, Peva e Valverde,31
Castelo Mendo, Ade, Monteperobolso e Mesquitela,32
Junca e Naves,33
Leomil, Mido, Senouras e Aldeia Nova,34
Malpartida e Vale de Coelha,35
Miuzela e Porto de Ovelha,36
Celorico da Beira,3
Baracal,02
Carrapichana,04
Forno Telheiro,06
Lajeosa do Mondego,07
Linhares,08
Macal do Chao,09
Mesquitela,10
Minhocal,11
Prados,12
Ratoeira,14
Vale de Azares,18
Casas do Soeiro,22
Acores e Velosa,23
Sao Pedro e Santa Maria e Vila Boa do Mondego,24
Cortico da Serra, Vide Entre Vinhas e Salgueirais,25
Rapa e Cadafaz,26
Figueira de Castelo Rodrigo,4
Castelo Rodrigo,03
Escalhao,06
Figueira de Castelo Rodrigo,08
Mata de Lobos,10
Vermiosa,15
Algodres, Vale de Afonsinho e Vilar de Amargo,18
Almofala e Escarigo,19
Cinco Vilas e Reigada,20
Freixeda Torrao, Quinta Pero Martins, Penha Aguia,21
Colmeal e Vilar Torpim,22
Fornos de Algodres,5
Algodres,01
Casal Vasco,02
Figueiro da Granja,04
Fornos de Algodres,05
Infias,07
Maceira,09
Matanca,10
Muxagata,11
Queiriz,12
Cortico e Vila Cha,17
Juncais, Vila Ruiva e Vila Soeiro do Chao,18
Sobral Pichorro e Fuinhas,19
Gouveia,6
Arcozelo,02
Cativelos,03
Folgosinho,05
Nespereira,12
Pacos da Serra,13
Ribamondego,14
S. Paio,17
Vila Cortes da Serra,19
Vila Franca da Serra,20
Vila Nova de Tazem,21
Aldeias e Mangualde da Serra,23
Figueiro da Serra e Freixo da Serra,24
Gouveia (Sao Pedro e Sao Juliao),25
Melo e Nabais,26
Moimenta da Serra e Vinho,27
Rio Torto e Lagarinhos,28
Guarda,7
Aldeia do Bispo,03
Aldeia Vicosa,04
Alvendre,05
Arrifana,06
Avelas da Ribeira,08
Benespera,09
Casal de Cinza,11
Castanheira,12
Cavadoude,13
Codesseiro,14
Faia,16
Famalicao,17
Fernao Joanes,18
Goncalo Bocas,21
Joao Antao,22
Macainhas,23
Marmeleiro,24
Meios,25
Panoias de Cima,28
Pega,29
Pera do Moco,30
Porto da Carne,32
Ramela,34
Santana da Azinha,38
Sobral da Serra,44
Vale de Estrela,46
Valhelhas,47
Vela,48
Videmonte,49
Vila Cortes do Mondego,50
Vila Fernando,51
Vila Franca do Deao,52
Vila Garcia,53
Goncalo,57
Guarda,58
Jarmelo Sao Miguel,59
Jarmelo Sao Pedro,60
Avelas de Ambom e Rocamondo,61
Corujeira e Trinta,62
Mizarela, Pero Soares e Vila Soeiro,63
Pousade e Albardo,64
Rochoso e Monte Margarida,65
Adao,66
Manteigas,8
Sameiro,01
Manteigas (Santa Maria),02
Manteigas (S. Pedro),03
Vale da Amoreira,04
Meda,9
Aveloso,01
Barreira,02
Coriscada,05
Longroiva,07
Marialva,08
Poco do Canto,12
Rabacal,14
Ranhados,15
Meda, Outeiro de Gatos e Fonte Longa,17
Prova e Casteicao,18
Vale Flor, Carvalhal e Pai Penela,19
Pinhel,10
Ervedosa,09
Freixedas,10
Lamegal,12
Lameiras,13
Manigoto,14
Pala,15
Pinhel,17
Pinzio,18
Souro Pires,24
Vascoveiro,27
Agregacao Das Freguesias Sul de Pinhel,28
Alverca da Beira/Bouca Cova,29
Terras de Massueime,30
Valbom/Bogalhal,31
Alto do Palurdo,32
Vale do Coa,33
Vale do Massueime,34
Atalaia e Safurdao,35
Sabugal,11
Aguas Belas,01
Aldeia do Bispo,02
Aldeia da Ponte,03
Aldeia Velha,06
Alfaiates,07
Baracal,09
Bendada,10
Bismula,11
Casteleiro,12
Cerdeira,13
Foios,14
Malcata,18
Nave,20
Quadrazais,23
Quintas de Sao Bartolomeu,24
Rapoula do Coa,25
Rebolosa,26
Rendo,27
Sortelha,33
Souto,34
Vale de Espinho,36
Vila Boa,38
Vila do Touro,39
Aldeia da Ribeira, Vilar Maior e Badamalos,41
Lajeosa e Forcalhos,42
Pousafoles do Bispo, Pena Lobo e Lomba,43
Ruvina, Ruivos e Vale Das Eguas,44
Sabugal e Aldeia de Santo Antonio,45
Santo Estevao e Moita,46
Seixo do Coa e Vale Longo,47
Seia,12
Alvoco da Serra,01
Girabolhos,05
Loriga,07
Paranhos,08
Pinhancos,09
Sabugueiro,10
Sandomil,12
Santa Comba,13
Santiago,16
Sazes da Beira,19
Teixeira,21
Travancinha,24
Valezim,25
Vila Cova A Coelheira,28
Carragozela e Varzea de Meruge,30
Sameice e Santa Eulalia,31
Santa Marinha e Sao Martinho,32
Seia, Sao Romao e Lapa Dos Dinheiros,33
Torrozelo e Folhadosa,34
Tourais e Lajes,35
Vide e Cabeca,36
Trancoso,13
Aldeia Nova,01
Castanheira,03
Cogula,04
Cotimos,05
Fiaes,07
Granja,09
Guilheiro,10
Moimentinha,11
Moreira de Rei,12
Palhais,13
Povoa do Concelho,14
Reboleiro,15
Rio de Mel,16
Tamanhos,21
Valdujo,25
Freches e Torres,30
Torre do Terrenho, Sebadelhe da Serra e Terrenho,31
Trancoso (Sao Pedro e Santa Maria) e Souto Maior,32
Vale do Seixo e Vila Garcia,33
Vila Franca Das Naves e Feital,34
Vilares e Carnicaes,35
Vila Nova de Foz Coa,14
Almendra,01
Castelo Melhor,02
Cedovim,03
Chas,04
Custoias,05
Horta,07
Muxagata,10
Numao,11
Santa Comba,12
Sebadelhe,14
Seixas,15
Touca,16
Freixo de Numao,18
Vila Nova de Foz Coa,19
FARO,8
Albufeira,1
Guia,02
Paderne,03
Ferreiras,04
Albufeira e Olhos de Agua,06
Alcoutim,2
Gioes,02
Martim Longo,03
Vaqueiros,05
Alcoutim e Pereiro,06
Aljezur,3
Aljezur,01
Bordeira,02
Odeceixe,03
Rogil,04
Castro Marim,4
Azinhal,01
Castro Marim,02
Odeleite,03
Altura,04
Faro,5
Santa Barbara de Nexe,03
Montenegro,06
Conceicao e Estoi,07
Faro (Se e Sao Pedro),08
Lagoa (Algarve),6
Ferragudo,02
Porches,04
Estombar e Parchal,07
Lagoa e Carvoeiro,08
Lagos,7
Luz,03
Odiaxere,04
Bensafrim e Barao de Sao Joao,07
Lagos (Sao Sebastiao e Santa Maria),08
Loule,8
Almancil,01
Alte,02
Ameixial,03
Boliqueime,04
Quarteira,05
Salir,07
Loule (S. Clemente),08
Loule (S. Sebastiao),09
Querenca, Tor e Benafim,12
Monchique,9
Alferce,01
Marmelete,02
Monchique,03
Olhao,10
Olhao,03
Pechao,04
Quelfes,05
Moncarapacho e Fuseta,06
Portimao,11
Alvor,01
Mexilhoeira Grande,02
Portimao,03
S. Bras de Alportel,12
S. Bras de Alportel,01
Silves,13
Armacao de Pera,03
S. Bartolomeu de Messines,05
S. Marcos da Serra,06
Silves,07
Alcantarilha e Pera,09
Algoz e Tunes,10
Tavira,14
Cachopo,01
Santa Catarina da Fonte do Bispo,04
Santa Luzia,08
Conceicao e Cabanas de Tavira,10
Luz de Tavira e Santo Estevao,11
Tavira (Santa Maria e Santiago),12
Vila do Bispo,15
Barao de S. Miguel,01
Budens,02
Vila de Sagres,04
Vila do Bispo e Raposeira,06
Vila Real de Santo Antonio,16
Vila Nova de Cacela,01
Vila Real de Santo Antonio,02
Monte Gordo,03
EVORA,7
Alandroal,1
Santiago Maior,03
Capelins (Santo Antonio),04
Terena (S. Pedro),05
N.S. Conceicao, S.Bras Matos, Juromenha,07
Arraiolos,2
Arraiolos,01
Igrejinha,02
Vimieiro,06
Gafanhoeira (Sao Pedro) e Sabugueiro,08
Sao Gregorio e Santa Justa,09
Borba,3
Borba (Matriz),01
Orada,02
Rio de Moinhos,03
Borba (S. Bartolomeu),04
Estremoz,4
Arcos,01
Gloria,02
Evora Monte (Santa Maria),04
S. Domingos de Ana Loura,11
Veiros,13
Estremoz (Santa Maria e Santo Andre),14
Sao Bento do Cortico e Santo Estevao,15
Sao Lourenco de Mamporcao e Sao Bento de Ana Loura,16
Ameixial (Santa Vitoria e Sao Bento),17
Evora,5
Nossa Senhora da Graca do Divor,02
Nossa Senhora de Machede,03
S. Bento do Mato,06
S. Miguel de Machede,09
Torre de Coelheiros,13
Canaviais,15
Bacelo e Senhora da Saude,22
Evora (Sao Mamede, Se, Sao Pedro e Santo Antao),23
Malagueira e Horta Das Figueiras,24
N.S. da Tourega e N.S. de Guadalupe,25
Sao Mancos e Sao Vicente do Pigeiro,26
S.Sebastiao da Giesteira e N.S. da Boa Fe,27
Montemor-O-Novo,6
Cabrela,01
Santiago do Escoural,05
S. Cristovao,06
Ciborro,07
Foros de Vale de Figueira,10
Corticadas de Lavre e Lavre,11
N.S. da Vila, N.S. do Bispo e Silveiras,12
Mora,7
Brotas,01
Cabecao,02
Mora,03
Pavia,04
Mourao,8
Granja,01
Luz,02
Mourao,03
Portel,9
Monte do Trigo,03
Portel,05
Santana,06
Vera Cruz,08
Amieira e Alqueva,09
Sao Bartolomeu do Outeiro e Oriola,10
Redondo,10
Montoito,01
Redondo,02
Reguengos de Monsaraz,11
Corval,02
Monsaraz,03
Reguengos de Monsaraz,04
Campo e Campinho,06
Vendas Novas,12
Vendas Novas,01
Landeira,02
Viana do Alentejo,13
Alcacovas,01
Viana do Alentejo,02
Aguiar,03
Vila Vicosa,14
Bencatel,01
Ciladas,02
Pardais,04
Nossa Senhora da Conceicao e Sao Bartolomeu,06
COIMBRA,6
Arganil,1
Arganil,02
Benfeita,04
Celavisa,05
Folques,09
Piodao,11
Pomares,12
Pombeiro da Beira,13
S. Martinho da Cortica,14
Sarzedo,15
Secarias,16
Cepos e Teixeira,19
Cerdeira e Moura da Serra,20
Coja e Barril de Alva,21
Vila Cova de Alva e Anseriz,22
Cantanhede,2
Anca,01
Cadima,03
Cordinha,05
Febres,07
Murtede,08
Ourenta,09
Tocha,14
S. Caetano,15
Sanguinheira,18
Cantanhede e Pocarica,20
Covoes e Camarneira,21
Portunhos e Outil,22
Sepins e Bolho,23
Vilamar e Corticeiro de Cima,24
Coimbra,3
Almalagues,01
Brasfemes,09
Ceira,11
Cernache,12
Santo Antonio Dos Olivais,18
S. Joao do Campo,20
S. Silvestre,24
Torres do Mondego,29
Antuzede e Vil de Matos,32
Assafarge e Antanhol,33
Se Nova, Santa Cruz, Almedina e Sao Bartolomeu,34
Eiras e Sao Paulo de Frades,35
Santa Clara e Castelo Viegas,36
Sao Martinho de Arvore e Lamarosa,37
Sao Martinho do Bispo e Ribeira de Frades,38
Souselas e Botao,39
Taveiro, Ameal e Arzila,40
Trouxemil e Torre de Vilela,41
Condeixa-A-Nova,4
Anobra,01
Ega,06
Furadouro,07
Zambujal,10
Condeixa-A-Velha e Condeixa-A-Nova,11
Sebal e Belide,12
Vila Seca e Bem da Fe,13
Figueira da Foz,5
Alqueidao,02
Maiorca,07
Marinha Das Ondas,08
Tavarede,12
Vila Verde,13
S. Pedro,14
Bom Sucesso,15
Moinhos de Gandara,18
Alhadas,19
Buarcos,20
Ferreira-A-Nova,21
Lavos,22
Paiao,23
Quiaios,24
Gois,6
Alvares,01
Gois,04
Vila Nova do Ceira,05
Cadafaz e Colmeal,06
Lousa,7
Serpins,04
Gandaras,06
Foz de Arouce e Casal de Ermio,07
Lousa e Vilarinho,08
Mira,8
Mira,01
Seixo,02
Carapelhos,03
Praia de Mira,04
Miranda do Corvo,9
Lamas,01
Miranda do Corvo,02
Vila Nova,05
Semide e Rio Vide,06
Montemor-O-Velho,10
Arazede,02
Carapinheira,03
Liceia,05
Meas do Campo,06
Pereira,08
Santo Varao,09
Seixo de Gatoes,10
Tentugal,11
Ereira,14
Abrunheira, Verride e Vila Nova da Barca,15
Montemor-O-Velho e Gatoes,16
Oliveira do Hospital,11
Aldeia Das Dez,01
Alvoco Das Varzeas,02
Avo,03
Bobadela,04
Lagares,06
Lourosa,09
Meruge,10
Nogueira do Cravo,11
S. Giao,15
Seixo da Beira,18
Travanca de Lagos,19
Ervedal e Vila Franca da Beira,22
Lagos da Beira e Lajeosa,23
Oliveira do Hospital e Sao Paio de Gramacos,24
Penalva de Alva e Sao Sebastiao da Feira,25
Santa Ovaia e Vila Pouca da Beira,26
Pampilhosa da Serra,12
Cabril,01
Dornelas do Zezere,02
Janeiro de Baixo,04
Pampilhosa da Serra,06
Pessegueiro,07
Unhais-O-Velho,09
Fajao-Vidual,11
Portela do Fojo-Machio,12
Penacova,13
Carvalho,01
Figueira de Lorvao,02
Lorvao,04
Penacova,07
Sazes do Lorvao,10
Friumes e Paradela,12
Oliveira do Mondego e Travanca do Mondego,13
Sao Pedro de Alva e Sao Paio de Mondego,14
Penela,14
Cumeeira,01
Espinhal,02
Podentes,03
Sao Miguel, Santa Eufemia e Rabacal,07
Soure,15
Alfarelos,01
Figueiro do Campo,04
Granja do Ulmeiro,06
Samuel,08
Soure,09
Tapeus,10
Vila Nova de Ancos,11
Vinha da Rainha,12
Degracias e Pombalinho,13
Gesteira e Brunhos,14
Tabua,16
Candosa,02
Carapinha,03
Midoes,08
Mouronho,09
Povoa de Midoes,11
S. Joao da Boa Vista,12
Tabua,14
Azere e Covelo,16
Covas e Vila Nova de Oliveirinha,17
Espariz e Sinde,18
Pinheiro de Coja e Meda de Mouros,19
Vila Nova de Poiares,17
Arrifana,01
Lavegadas,02
Poiares (Santo Andre),03
S. Miguel de Poiares,04
C BRANCO,5
Belmonte,1
Caria,02
Inguias,04
Macainhas,05
Belmonte e Colmeal da Torre,06
Castelo Branco,2
Alcains,01
Almaceda,02
Benquerencas,03
Castelo Branco,05
Lardosa,11
Lourical do Campo,12
Malpica do Tejo,14
Monforte da Beira,16
Salgueiro do Campo,20
Santo Andre Das Tojeiras,21
S. Vicente da Beira,22
Sarzedas,23
Tinalhas,25
Cebolais de Cima e Retaxo,26
Escalos de Baixo e Mata,27
Escalos de Cima e Lousa,28
Freixial e Juncal do Campo,29
Ninho do Acor e Sobral do Campo,30
Povoa de Rio de Moinhos e Cafede,31
Covilha,3
Aldeia de S. Francisco de Assis,02
Boidobra,05
Cortes do Meio,08
Dominguizo,09
Erada,10
Ferro,11
Orjais,12
Paul,14
Peraboa,15
S. Jorge da Beira,18
Sobral de S. Miguel,22
Tortosendo,24
Unhais da Serra,25
Verdelhos,27
Barco e Coutada,32
Cantar-Galo e Vila do Carvalho,33
Casegas e Ourondo,34
Covilha e Canhoso,35
Peso e Vales do Rio,36
Teixoso e Sarzedo,37
Vale Formoso e Aldeia do Souto,38
Fundao,4
Alcaide,01
Alcaria,02
Alcongosta,03
Alpedrinha,06
Barroca,08
Bogas de Cima,10
Capinha,11
Castelejo,12
Castelo Novo,13
Fatela,16
Lavacolhos,19
Orca,20
Pero Viseu,21
Silvares,24
Soalheira,25
Souto da Casa,26
Telhado,27
Enxames,31
Tres Povos,32
Janeiro de Cima e Bogas de Baixo,33
Fundao, Valverde, Donas, A. Joanes, A. Nova Cabo,34
Povoa de Atalaia e Atalaia do Campo,35
Vale de Prazeres e Mata da Rainha,36
Idanha-A-Nova,5
Aldeia de Santa Margarida,02
Ladoeiro,05
Medelim,06
Oledo,09
Penha Garcia,10
Proenca-A-Velha,11
Rosmaninhal,12
S. Miguel de Acha,14
Touloes,16
Idanha-A-Nova e Alcafozes,18
Monfortinho e Salvaterra do Extremo,19
Monsanto e Idanha-A-Velha,20
Zebreira e Segura,21
Oleiros,6
Alvaro,01
Cambas,03
Isna,05
Madeira,06
Mosteiro,07
Orvalho,09
Sarnadas de S. Simao,10
Sobral,11
Estreito-Vilar Barroco,13
Oleiros-Amieira,14
Penamacor,7
Aranhas,04
Benquerenca,06
Meimao,07
Meimoa,08
Penamacor,10
Salvador,11
Vale da Senhora da Povoa,12
Aldeia do Bispo, Aguas e Aldeia de Joao Pires,13
Pedrogao de Sao Pedro e Bemposta,14
Proenca-A-Nova,8
Montes da Senhora,02
S. Pedro do Esteval,05
Proenca-A-Nova e Peral,07
Sobreira Formosa e Alvito da Beira,08
Serta,9
Cabecudo,01
Carvalhal,02
Castelo,03
Pedrogao Pequeno,11
Serta,12
Troviscal,13
Varzea Dos Cavaleiros,14
Cernache do Bonjardim, Nesperal e Palhais,15
Cumeada e Marmeleiro,16
Ermida e Figueiredo,17
Vila de Rei,10
Fundada,01
S. Joao do Peso,02
Vila de Rei,03
Vila Velha de Rodao,11
Fratel,01
Perais,02
Sarnadas de Rodao,03
Vila Velha de Rodao,04
BRAGANCA,4
Alfandega da Fe,1
Alfandega da Fe,02
Cerejais,03
Sambade,11
Vilar Chao,18
Vilarelhos,19
Vilares de Vilarica,20
Agrobom, Saldonha e Vale Pereiro,21
Eucisia, Gouveia e Valverde,22
Ferradosa e Sendim da Serra,23
Gebelim e Soeima,24
Parada e Sendim da Ribeira,25
Pombal e Vales,26
Braganca,2
Alfaiao,01
Babe,03
Bacal,04
Carragosa,06
Castro de Avelas,09
Coelhoso,10
Donai,12
Espinhosela,13
Franca,15
Gimonde,16
Gondesende,17
Gostei,18
Grijo de Parada,19
Macedo do Mato,21
Mos,24
Nogueira,25
Outeiro,26
Paramio,29
Pinela,30
Quintanilha,32
Quintela de Lampacas,33
Rabal,34
Rebordaos,36
Salsas,39
Samil,40
Santa Comba de Rossas,41
S. Pedro de Serracenos,44
Sendas,46
Serapicos,47
Sortes,48
Zoio,49
Aveleda e Rio de Onor,50
Castrelos e Carrazedo,51
Izeda, Calvelhe e Paradinha Nova,52
Parada e Failde,53
Rebordainhos e Pombares,54
Rio Frio e Milhao,55
Sao Juliao de Palacios e Deilao,56
Se, Santa Maria e Meixedo,57
Carrazeda de Ansiaes,3
Carrazeda de Ansiaes,04
Fonte Longa,06
Linhares,08
Marzagao,09
Parambos,11
Pereiros,12
Pinhal do Norte,13
Pombal,14
Seixo de Ansiaes,16
Vilarinho da Castanheira,18
Amedo e Zedes,20
Belver e Mogo de Malta,21
Castanheiro do Norte e Ribalonga,22
Lavandeira, Beira Grande e Selores,23
Freixo de Espada A Cinta,4
Ligares,04
Poiares,06
Freixo de Espada a Cinta e Mazouco,07
Lagoaca e Fornos,08
Macedo de Cavaleiros,5
Amendoeira,02
Arcas,03
Carrapatas,07
Chacim,09
Corticos,10
Corujas,11
Ferreira,14
Grijo,15
Lagoa,16
Lamalonga,17
Lamas,18
Lombo,19
Macedo de Cavaleiros,20
Morais,21
Olmos,23
Peredo,24
Salselas,26
Sezulfe,28
Talhas,30
Vale Benfeito,32
Vale da Porca,33
Vale de Prados,34
Vilarinho de Agrochao,36
Vinhas,38
Ala e Vilarinho do Monte,39
Bornes e Burga,40
Castelaos e Vilar do Monte,41
Espadanedo, Edroso, Murcos e Soutelo Mourisco,42
Podence e Santa Combinha,43
Talhinhas e Bagueixe,44
Miranda do Douro,6
Duas Igrejas,04
Genisio,05
Malhadas,07
Miranda do Douro,08
Palacoulo,09
Picote,11
Povoa,12
S. Martinho de Angueira,13
Vila Cha de Braciosa,16
Constantim e Cicouro,18
Ifanes e Paradela,19
Sendim e Atenor,20
Silva e Aguas Vivas,21
Mirandela,7
Abambres,01
Abreiro,02
Aguieiras,03
Alvites,04
Bouca,08
Cabanelas,09
Caravelas,10
Carvalhais,11
Cedaes,12
Cobro,13
Fradizela,14
Frechas,16
Lamas de Orelhao,18
Mascarenhas,20
Mirandela,21
Murias,22
Passos,24
S. Pedro Velho,27
S. Salvador,28
Sucaes,29
Torre de D. Chama,30
Vale de Asnes,31
Vale de Gouvinhas,32
Vale de Salgueiro,33
Vale de Telhas,34
Avantos e Romeu,38
Avidagos, Navalho e Pereira,39
Barcel, Marmelos e Valverde da Gestosa,40
Franco e Vila Boa,41
Freixeda e Vila Verde,42
Mogadouro,8
Azinhoso,01
Bemposta,02
Bruco,03
Brunhoso,04
Castelo Branco,07
Castro Vicente,08
Meirinhos,09
Paradela,11
Penas Roias,12
Peredo da Bemposta,13
Saldanha,15
S. Martinho do Peso,17
To,19
Travanca,20
Urros,21
Vale da Madre,22
Vila de Ala,26
Brunhozinho, Castanheira e Sanhoane,29
Mogadouro, Valverde, Vale de Porco e Vilar de Rei,30
Remondes e Soutelo,31
Vilarinho Dos Galegos e Ventozelo,32
Torre de Moncorvo,9
Acoreira,01
Cabeca Boa,03
Carvicais,05
Castedo,06
Horta da Vilarica,09
Larinho,10
Lousa,11
Mos,13
Torre de Moncorvo,16
Adeganha e Cardanha,18
Felgar e Souto da Velha,19
Felgueiras e Macores,20
Urros e Peredo Dos Castelhanos,21
Vila Flor,10
Benlhevai,02
Freixiel,05
Roios,09
Samoes,10
Sampaio,11
Santa Comba de Vilarica,12
Seixo de Manhoses,13
Trindade,14
Vale Frechoso,15
Assares e Lodoes,20
Candoso e Carvalho de Egas,21
Valtorno e Mourao,22
Vila Flor e Nabo,23
Vilas Boas e Vilarinho Das Azenhas,24
Vimioso,11
Argozelo,03
Carcao,07
Matela,08
Pinelo,09
Santulhao,10
Vilar Seco,13
Vimioso,14
Algoso, Campo de Viboras e Uva,15
Cacarelhos e Angueira,16
Vale de Frades e Avelanoso,17
Vinhais,12
Agrochao,01
Candedo,03
Celas,04
Edral,06
Edrosa,07
Ervedosa,08
Paco,15
Penhas Juntas,16
Rebordelo,19
Santalha,21
Tuizelo,26
Vale Das Fontes,27
Vila Boa de Ousilhao,29
Vila Verde,30
Vilar de Ossos,32
Vilar de Peregrinos,33
Vilar Seco de Lomba,34
Vinhais,35
Curopos e Vale de Janeiro,36
Moimenta e Montouto,37
Nunes e Ousilhao,38
Quiras e Pinheiro Novo,39
Sobreiro de Baixo e Alvaredos,40
Soeira, Fresulfe e Mofreita,41
Travanca e Santa Cruz,42
Vilar de Lomba e Sao Jomil,43
BRAGA,3
Amares,1
Barreiros,02
Bico,04
Caires,05
Carrazedo,07
Dornelas,08
Fiscal,11
Goaes,12
Lago,13
Rendufe,18
Bouro (Santa Maria),19
Bouro (Santa Marta),20
Amares e Figueiredo,25
Caldelas, Sequeiros e Paranhos,26
Ferreiros, Prozelo e Besteiros,27
Torre e Portela,28
Vilela, Seramil e Paredes Secas,29
Barcelos,2
Abade de Neiva,01
Aborim,02
Adaes,03
Airo,05
Aldreu,06
Alvelos,08
Arcozelo,09
Areias,10
Balugaes,12
Barcelinhos,13
Barqueiros,15
Cambeses,16
Carapecos,18
Carvalhal,20
Carvalhas,21
Cossourado,24
Cristelo,28
Fornelos,34
Fragoso,35
Gilmonde,37
Lama,42
Lijo,43
Macieira de Rates,44
Manhente,45
Martim,47
Moure,52
Oliveira,54
Palme,55
Panque,56
Paradela,57
Pereira,59
Perelhal,60
Pousa,61
Remelhe,63
Roriz,64
Rio Covo (Santa Eugenia),65
Galegos (Santa Maria),68
Galegos (S. Martinho),72
Tamel (S. Verissimo),77
Silva,79
Ucha,82
Varzea,83
Vila Seca,87
Alheira e Igreja Nova,90
Alvito (Sao Pedro e Sao Martinho) e Couto,91
Areias de Vilar e Encourados,92
Barcelos, V.Boa, V.Frescainha,93
Campo e Tamel (Sao Pedro Fins),94
Carreira e Fonte Coberta,95
Chorente, Goios, Courel, Pedra Furada e Gueral,96
Creixomil e Mariz,97
Durraes e Tregosa,98
Gamil e Midoes,99
Milhazes, Vilar de Figos e Faria,FA
Negreiros e Chavao,FB
Quintiaes e Aguiar,FC
Sequeade e Bastuco (Sao Joao e Santo Estevao),FD
Silveiros e Rio Covo (Santa Eulalia),FE
Tamel (Santa Leocadia) e Vilar do Monte,FF
Viatodos, Grimancelos, Minhotaes, Monte Fralaes,FG
Vila Cova e Feitos,FH
Braga,3
Adaufe,01
Espinho,12
Esporoes,13
Figueiredo,15
Gualtar,19
Lamas,22
Mire de Tibaes,25
Padim da Graca,30
Palmeira,31
Pedralva,34
Priscos,36
Ruilhe,38
Braga (S. Vicente),49
Braga (S. Vitor),51
Sequeira,54
Sobreposta,55
Tadim,56
Tebosa,57
Arentim e Cunha,63
Braga (Maximinos, Se e Cividade),64
Braga (Sao Jose de Sao Lazaro e Sao Joao do Souto),65
Cabreiros e Passos (Sao Juliao),66
Celeiros, Aveleda e Vimieiro,67
Crespos e Pousada,68
Escudeiros e Penso (Santo Estevao e Sao Vicente),69
Este (Sao Pedro e Sao Mamede),70
Ferreiros e Gondizalves,71
Guisande e Oliveira (Sao Pedro),72
Lomar e Arcos,73
Merelim (Sao Paio), Panoias e Parada de Tibaes,74
Merelim (Sao Pedro) e Frossos,75
Morreira e Trandeiras,76
Nogueira, Fraiao e Lamacaes,77
Nogueiro e Tenoes,78
Real, Dume e Semelhe,79
Santa Lucrecia de Algeriz e Navarra,80
Vilaca e Fradelos,81
Cabeceiras de Basto,4
Abadim,01
Basto,04
Bucos,05
Cabeceiras de Basto,06
Cavez,07
Faia,08
Pedraca,13
Rio Douro,15
Alvite e Passos,18
Arco de Baulhe e Vila Nune,19
Gondiaes e Vilar de Cunhas,20
Refojos de Basto, Outeiro e Painzela,21
Celorico de Basto,5
Agilde,01
Arnoia,02
Borba da Montanha,03
Codecoso,08
Fervenca,10
Moreira do Castelo,15
Rego,17
Ribas,18
Basto (S. Clemente),20
Vale de Bouro,21
Britelo, Gemeos e Ourilhe,23
Cacarilhe e Infesta,24
Canedo de Basto e Corgo,25
Carvalho e Basto (Santa Tecla),26
Veade, Gagos e Molares,27
Esposende,6
Antas,01
Forjaes,08
Gemeses,10
Vila Cha,15
Apulia e Fao,16
Belinho e Mar,17
Esposende, Marinhas e Gandra,18
Fonte Boa e Rio Tinto,19
Palmeira de Faro e Curvos,20
Fafe,7
Armil,05
Estoraos,08
Fafe,09
Fornelos,12
Golaes,14
Medelo,16
Passos,19
Quinchaes,22
Regadas,23
Revelhe,24
Ribeiros,25
Aroes (Santa Cristina),26
S. Gens,28
Silvares (S. Martinho),29
Aroes (S. Romao),30
Travassos,33
Vinhos,36
Aboim, Felgueiras, Gontim e Pedraido,37
Agrela e Serafao,38
Antime e Silvares (Sao Clemente),39
Ardegao, Arnozela e Seidoes,40
Cepaes e Fareja,41
Freitas e Vila Cova,42
Monte e Queimadela,43
Moreira do Rei e Varzea Cova,44
Guimaraes,8
Aldao,01
Azurem,04
Barco,06
Brito,07
Caldelas,08
Costa,12
Creixomil,13
Fermentoes,15
Gonca,20
Gondar,21
Guardizela,23
Infantas,24
Longos,27
Lordelo,28
Mesao Frio,30
Moreira de Conegos,31
Nespereira,32
Pencelo,35
Pinheiro,36
Polvoreira,37
Ponte,38
Ronfe,40
Prazins (Santa Eufemia),42
Selho (S. Cristovao),50
Selho (S. Jorge),54
Candoso (S. Martinho),57
Sande (S. Martinho),58
S. Torcato,65
Serzedelo,66
Silvares,68
Urgezes,71
Abacao e Gemeos,75
Airao Santa Maria, Airao Sao Joao e Vermil,76
Arosa e Casteloes,77
Ataes e Rendufe,78
Briteiros Santo Estevao e Donim,79
Briteiros Sao Salvador e Briteiros Santa Leocadia,80
Candoso Sao Tiago e Mascotelos,81
Conde e Gandarela,82
Leitoes, Oleiros e Figueiredo,83
Oliveira, Sao Paio e Sao Sebastiao,84
Prazins Santo Tirso e Corvite,85
Sande Sao Lourenco e Balazar,86
Sande Vila Nova e Sande Sao Clemente,87
Selho Sao Lourenco e Gominhaes,88
Serzedo e Calvos,89
Souto Santa Maria, Souto Sao Salvador e Gondomar,90
Tabuadelo e Sao Faustino,91
Povoa de Lanhoso,9
Covelas,06
Ferreiros,08
Galegos,12
Garfe,13
Geraz do Minho,14
Lanhoso,15
Monsul,17
Povoa de Lanhoso (N. Senhora do Amparo),19
Rendufinho,21
Santo Emiliao,22
S. Joao de Rei,23
Serzedelo,24
Sobradelo da Goma,25
Taide,26
Travassos,27
Vilela,29
Aguas Santas e Moure,30
Calvos e Frades,31
Campos e Louredo,32
Esperanca e Brunhais,33
Fonte Arcada e Oliveira,34
Verim, Friande e Ajude,35
Terras de Bouro,10
Balanca,01
Campo do Geres,03
Carvalheira,04
Covide,08
Gondoriz,09
Moimenta,10
Ribeira,12
Rio Caldo,13
Souto,14
Valdosende,15
Vilar da Veiga,17
Chamoim e Vilar,18
Chorense e Monte,19
Ciboes e Brufe,20
Vieira do Minho,11
Cantelaes,05
Eira Vedra,07
Guilhofrei,08
Louredo,09
Mosteiro,10
Parada do Bouro,11
Pinheiro,12
Rossas,13
Salamonde,15
Tabuacas,18
Vieira do Minho,20
Anisso e Soutelo,22
Anjos e Vilar do Chao,23
Canicada e Soengas,24
Ruivaes e Campos,25
Ventosa e Cova,26
Vila Nova de Famalicao,12
Bairro,04
Brufe,06
Casteloes,10
Cruz,12
Delaes,13
Fradelos,15
Gaviao,16
Joane,19
Landim,21
Louro,23
Lousado,24
Mogege,25
Nine,27
Pedome,30
Pousada de Saramagos,32
Requiao,33
Riba de Ave,34
Ribeirao,35
Oliveira (Santa Maria),39
Vale (S. Martinho),41
Oliveira (S. Mateus),42
Vermoim,47
Vilarinho Das Cambas,49
Antas e Abade de Vermoim,50
Arnoso (Santa Maria e Santa Eulalia) e Sezures,51
Avidos e Lagoa,52
Carreira e Bente,53
Esmeriz e Cabecudos,54
Gondifelos, Cavaloes e Outiz,55
Lemenhe, Mouquim e Jesufrei,56
Ruivaes e Novais,57
Seide,58
Vale (Sao Cosme), Telhado e Portela,59
Vila Nova de Famalicao e Calendario,60
Vila Verde,13
Atiaes,04
Cabanelas,08
Cervaes,09
Coucieiro,11
Dossaos,13
Freiriz,16
Geme,17
Lage,23
Lanhas,24
Loureira,25
Moure,28
Oleiros,30
Parada de Gatim,31
Pico,35
Ponte,37
Sabariz,40
Vila de Prado,42
Prado (S. Miguel),50
Soutelo,52
Turiz,54
Valdreu,55
Aboim da Nobrega e Gondomar,59
Ribeira do Neiva,60
Carreiras (Sao Miguel) e Carreiras (Santiago),61
Escariz (Sao Mamede) e Escariz (Sao Martinho),62
Esqueiros, Nevogilde e Travassos,63
Marrancos e Arcozelo,64
Oriz (Santa Marinha) e Oriz (Sao Miguel),65
Pico de Regalados, Gondiaes e Mos,66
Sande, Vilarinho, Barros e Gomide,67
Valbom (Sao Pedro), Passo e Valbom (Sao Martinho),68
Vade,69
Vila Verde e Barbudo,70
Vizela,14
Infias,01
Santa Eulalia,02
Santo Adriao de Vizela,03
Caldas de Vizela (Sao Miguel e Sao Joao),08
Tagilde e Vizela (Sao Paio),09
BEJA,2
Aljustrel,1
Ervidel,02
Messejana,03
S. Joao de Negrilhos,04
Aljustrel e Rio de Moinhos,06
Almodovar,2
Rosario,03
Santa Cruz,05
S. Barnabe,06
Aldeia Dos Fernandes,08
Almodovar e Graca Dos Padroes,09
Santa Clara-A-Nova e Gomes Aires,10
Alvito,3
Alvito,01
Vila Nova da Baronia,02
Barrancos,4
Barrancos,01
Beja,5
Baleizao,02
Beringel,03
Cabeca Gorda,04
Nossa Senhora Das Neves,06
Santa Clara de Louredo,10
S. Matias,16
Albernoa e Trindade,19
Beja (Salvador e Santa Maria da Feira),20
Beja (Santiago Maior e Sao Joao Baptista),21
Salvada e Quintos,22
Santa Vitoria e Mombeja,23
Trigaches e Sao Brissos,24
Castro Verde,6
Entradas,03
Santa Barbara de Padroes,04
S. Marcos da Ataboeira,05
Castro Verde e Casevel,06
Cuba,7
Cuba,01
Faro do Alentejo,02
Vila Alva,03
Vila Ruiva,04
Ferreira do Alentejo,8
Figueira Dos Cavaleiros,03
Odivelas,04
Alfundao e Peroguarda,07
Ferreira do Alentejo e Canhestros,08
Mertola,9
Alcaria Ruiva,01
Corte do Pinto,02
Espirito Santo,03
Mertola,04
Santana de Cambas,05
S. Joao Dos Caldeireiros,06
S.Mig. Pinheiro, S.Pedro Solis, S.Sebastiao Carros,10
Moura,10
Amareleja,01
Povoa de Sao Miguel,02
Sobral da Adica,08
Santo Agostinho e Sao Joao Baptista e Santo Amador,09
Safara e Santo Aleixo da Restauracao,10
Odemira,11
Reliquias,02
Saboia,03
S. Luis,06
S. Martinho Das Amoreiras,07
Vila Nova de Milfontes,11
Luzianes-Gare,15
Longueira/Almograve,16
Boavista Dos Pinheiros,17
Colos,18
Santa Clara-A-Velha,19
Sao Salvador e Santa Maria,20
Sao Teotonio,21
Vale de Santiago,22
Ourique,12
Ourique,03
Santana da Serra,06
Garvao e Santa Luzia,07
Panoias e Conceicao,08
Serpa,13
Brinches,02
Pias,03
Vila Verde de Ficalho,07
Serpa (Salvador e Santa Maria),08
Vila Nova de Sao Bento e Vale de Vargo,09
Vidigueira,14
Pedrogao,01
Selmes,02
Vidigueira,03
Vila de Frades,04
AVEIRO,1
Agueda,1
Aguada de Cima,03
Fermentelos,09
Macinhata do Vouga,12
Valongo do Vouga,19
Agueda e Borralha,21
Barro e Aguada de Baixo,22
Belazaima do Chao, Castanheira do Vouga e Agadao,23
Recardaes e Espinhel,24
Travasso e Ois da Ribeira,25
Trofa, Segadaes e Lamas do Vouga,26
Prestimo e Macieira de Alcoba,27
Albergaria-A-Velha,2
Alquerubim,02
Angeja,03
Branca,04
Ribeira de Fraguas,06
Albergaria-A-Velha e Valmaior,09
Sao Joao de Loure e Frossos,10
Anadia,3
Avelas de Caminho,04
Avelas de Cima,05
Moita,07
Sangalhos,09
S. Lourenco do Bairro,10
Vila Nova de Monsarros,12
Vilarinho do Bairro,13
Amoreira da Gandara, Paredes do Bairro e Ancas,16
Arcos e Mogofores,17
Tamengos, Aguim e Ois do Bairro,18
Arouca,4
Alvarenga,02
Chave,07
Escariz,09
Fermedo,11
Mansores,13
Moldes,14
Rossas,15
Santa Eulalia,16
S. Miguel do Mato,17
Tropeco,18
Urro,19
Varzea,20
Arouca e Burgo,21
Cabreiros e Albergaria da Serra,22
Canelas e Espiunca,23
Covelo de Paivo e Janarde,24
Aveiro,5
Aradas,01
Cacia,02
Esgueira,05
Oliveirinha,08
S. Bernardo,10
S. Jacinto,11
Santa Joana,13
Eixo e Eirol,15
Requeixo, Nossa Senhora de Fatima e Nariz,16
Gloria e Vera Cruz,17
Castelo de Paiva,6
Fornos,02
Real,06
Santa Maria de Sardoura,07
S. Martinho de Sardoura,08
Raiva, Pedorido e Paraiso,10
Sobrado e Bairros,11
Espinho,7
Espinho,02
Paramos,04
Silvalde,05
Anta e Guetim,06
Estarreja,8
Avanca,01
Pardilho,05
Salreu,06
Beduido e Veiros,08
Canelas e Fermela,09
Santa Maria da Feira,9
Argoncilhe,01
Arrifana,02
Escapaes,04
Fiaes,07
Fornos,08
Lourosa,13
Milheiros de Poiares,14
Mozelos,16
Nogueira da Regedoura,17
S. Paio de Oleiros,18
Pacos de Brandao,19
Rio Meao,21
Romariz,22
Sanguedo,24
Santa Maria de Lamas,25
S. Joao de Ver,26
Caldas de Sao Jorge e Pigeiros,32
Canedo, Vale e Vila Maior,33
Lobao, Giao, Louredo e Guisande,34
Santa Maria da Feira, Travanca, Sanfins e Espargo,35
Sao Miguel do Souto e Mosteiro,36
Ilhavo,10
Gafanha da Encarnacao,05
Gafanha da Nazare,06
Gafanha do Carmo,07
Ilhavo (Sao Salvador),08
Mealhada,11
Barcouco,02
Casal Comba,03
Luso,04
Pampilhosa,06
Vacarica,07
Mealhada, Ventosa do Bairro e Antes,09
Murtosa,12
Bunheiro,01
Monte,02
Murtosa,03
Torreira,04
Oliveira de Azemeis,13
Carregosa,01
Cesar,02
Fajoes,03
Loureiro,04
Macieira de Sarnes,05
Ossela,10
S. Martinho da Gandara,15
Sao Roque,18
Vila de Cucujaes,19
Nogueira do Cravo e Pindelo,20
O. Azemeis, Riba-Ul, Ul, Macinhata Seixa, Madail,21
Pinheiro da Bemposta, Travanca e Palmaz,22
Oliveira do Bairro,14
Oia,03
Oliveira do Bairro,04
Palhaca,05
Bustos, Troviscal e Mamarrosa,07
Ovar,15
Cortegaca,02
Esmoriz,03
Maceda,04
Valega,07
Ovar, S.Joao, Arada e S.Vicente de Pereira Jusa,09
S. Joao da Madeira,16
S. Joao da Madeira,01
Sever do Vouga,17
Couto de Esteves,02
Pessegueiro do Vouga,04
Rocas do Vouga,05
Sever do Vouga,06
Talhadas,08
Cedrim e Paradela,10
Silva Escura e Dornelas,11
Vagos,18
Calvao,01
Gafanha da Boa Hora,04
Ouca,05
Soza,07
Santo Andre de Vagos,10
Fonte de Angeao e Covao do Lobo,12
Ponte de Vagos e Santa Catarina,13
Vagos e Santo Antonio,14
Vale de Cambra,19
Aroes,01
Sao Pedro de Casteloes,02
Cepelos,03
Junqueira,05
Macieira de Cambra,06
Roge,07
Vila Cha, Codal e Vila Cova de Perrinho,10
